	epoch	time
0	0	0 days 00:00:01.602837
1	1	0 days 00:00:01.530758
2	2	0 days 00:00:01.496836
3	3	0 days 00:00:01.503392
4	4	0 days 00:00:01.347864
5	5	0 days 00:00:01.557620
6	6	0 days 00:00:01.498697
7	7	0 days 00:00:01.380056
8	8	0 days 00:00:01.368483
9	9	0 days 00:00:01.343725
10	10	0 days 00:00:01.729287
11	11	0 days 00:00:01.780616
12	12	0 days 00:00:01.563644
13	13	0 days 00:00:01.372090
14	14	0 days 00:00:01.429058
15	15	0 days 00:00:01.698136
16	16	0 days 00:00:01.517913
17	17	0 days 00:00:01.514741
18	18	0 days 00:00:01.359281
19	19	0 days 00:00:01.720546
20	20	0 days 00:00:01.666912
21	21	0 days 00:00:01.392319
22	22	0 days 00:00:01.394617
23	23	0 days 00:00:01.390446
24	24	0 days 00:00:04.472403
