	univ_id	noise_mean	noise_var
0	0	-0.04123409389196527	0.9904865396212806
1	1	-0.02544107522794021	1.0120877392994228
2	2	0.010516918309179968	1.0027781420682802
3	3	0.005934937432383824	0.9820557714504514
4	4	-0.013876208163944906	0.9702740432389543
5	5	-0.0054507263820544865	0.9978915953357669
6	6	0.003542236274659732	1.0115751488151725
7	7	-0.025758023925493225	0.9913957925704938
