	univ_id	noise_mean	noise_var
0	0	0.03571318018428467	1.0035036155057397
1	1	0.01247891052704807	1.0048329625271597
2	2	-0.018361235110174963	0.9831484813007969
3	3	0.033294278135657995	1.0032127178766326
4	4	-0.02088719979637321	1.0115567003352328
5	5	0.015740352930452086	0.9962146296406598
