	univ_id	noise_mean	noise_var
0	0	0.012018739037469986	0.9632525401599243
1	1	0.0030502097444351467	0.9902501222771766
2	2	-0.025994310216120396	1.0006418276873539
3	3	-0.03727973161020169	0.971730133104838
4	4	-0.003505661139785508	0.9973786144219523
5	5	-0.02056200658206485	0.9968297986512146
6	6	0.015720688958793243	1.0268076566417412
7	7	-0.017412062397324724	0.983088755197251
