	univ_id	noise_mean	noise_var
0	00	0.017604165023609408	1.0320741498138644
1	01	0.03858792967219089	0.983536386094526
2	02	-0.017163639467534315	1.01419358113995
3	03	0.014136001511011272	0.9780947316671104
4	04	-0.017167734111769518	0.9921235634441541
5	05	-0.013577063506763232	0.9838314165705063
6	06	-0.014057180987505585	1.0099698079163906
7	07	-0.008612026553345985	1.0030836409129438
8	08	0.0060575346235196585	0.9652844172411832
9	09	0.01756159342179614	1.0053298788668952
