	univ_id	noise_mean	noise_var
0	0	-0.030286182811410215	1.0242288294137163
1	1	0.028221185976305463	0.9826087812628378
2	2	0.008244750214933639	0.9906448918830075
3	3	-0.004064974784728532	1.0101512368634162
4	4	-0.012108116870795034	0.9937995830212243
5	5	-0.010423073722613288	1.0144664987067487
