	univ_id	noise_mean	noise_var
0	0	0.03437197134612487	1.0092681808216655
1	1	0.014779503153195898	1.0173110223594113
2	2	-0.010331356154967676	1.0111691393969118
3	3	-0.024300857546543212	1.0049494994588957
4	4	0.013712093463268646	0.9877921416232289
5	5	-0.0026767872681498135	0.9956029214599152
