	univ_id	noise_mean	noise_var
0	0	0.0028011809748254325	1.0014178283427515
1	1	0.00849507526024306	1.0102359799330136
2	2	0.0011463880226457196	0.9876509978852608
3	3	0.0039370918723288925	1.000949468998892
4	4	-0.012631642007397635	1.0131986046010182
5	5	-0.037299156907529225	1.0005859897767968
