	univ_id	noise_mean	noise_var
0	0	-0.004628936742665246	1.0057721025780613
1	1	-0.015121074718557984	1.0206698052963228
2	2	0.019955010337608034	0.9840622024805233
3	3	0.03383023197893176	0.993500265119907
4	4	-0.0018008393159038142	0.9870351218697265
5	5	-0.03471010515138531	0.9727669839838963
6	6	-0.026609969038026114	1.0129960289071862
7	7	-0.04246137021260189	0.9961139122578014
