	univ_id	noise_mean	noise_var
0	0	0.017604165023609408	1.0320741498138644
1	1	0.03858792967219089	0.983536386094526
2	2	-0.017163639467534315	1.01419358113995
3	3	0.014136001511011272	0.9780947316671104
4	4	-0.017167734111769518	0.9921235634441541
5	5	-0.013577063506763232	0.9838314165705063
