	univ_id	noise_mean	noise_var
0	0	0.017526395041299495	0.9893182480405636
1	1	-0.02367468303707306	1.010515904977214
2	2	-0.004273110522888601	0.9695838166315677
3	3	0.002654460387494366	1.0046048533956113
4	4	0.020498477093762055	0.9795655431164842
5	5	-0.029861919438429668	0.9933282165536118
