	univ_id	noise_mean	noise_var
0	0	0.0001940730966284479	1.0117462738427194
1	1	-0.01810915767522774	0.9709429811419004
2	2	-0.024929013091568395	1.0225109750203079
3	3	-0.002373601069575862	0.9952867601521859
4	4	0.0075238818091487416	0.9978038334501543
5	5	0.03292600743551003	1.0222084882561895
